{
    "AOR-2": {
        "#989050": 0.4132888888888889,
        "#5d693c": 0.4017777777777778,
        "#2c231a": 0.1436,
        "#cbbb8f": 0.04133333333333333
    },
    "A-TACS": {
        "#9f916d": 0.21925555555555556,
        "#504a29": 0.35402222222222224,
        "#686735": 0.23963333333333334,
        "#81764d": 0.1870888888888889
    },
    "Afghani-HyperStealth-Spec4ce-Forest": {
        "#5e3d2a": 0.4283111111111111,
        "#adab65": 0.22486666666666666,
        "#cdbb88": 0.1373888888888889,
        "#875a38": 0.20943333333333333
    },
    "Alpenflage-TAZ-83": {
        "#d84d33": 0.18424444444444443,
        "#5b8836": 0.3051888888888889,
        "#424244": 0.28263333333333335,
        "#b59857": 0.19137777777777779,
        "#9e4831": 0.036555555555555556
    },
    "Australian Multicam": {
        "#a29e6d": 0.0011333333333333334,
        "#758035": 0.27034444444444444,
        "#252210": 0.2164888888888889,
        "#60582b": 0.1485,
        "#897229": 0.17362222222222223,
        "#3c3e24": 0.1899111111111111
    },
    "Austrian Erbsentarnmuster": {
        "#5c4e47": 0.2631888888888889,
        "#675f53": 0.23145555555555555,
        "#896e64": 0.1938,
        "#60604d": 0.18143333333333334,
        "#473f38": 0.13012222222222222
    },
    "Austrian Flecktarnmuster": {
        "#869474": 0.3167,
        "#5d5a4d": 0.24144444444444443,
        "#ebe5cc": 0.1632222222222222,
        "#d0bd85": 0.1880777777777778,
        "#8c8f92": 0.09055555555555556
    },
    "Belgian-Jigsaw": {
        "#999347": 0.2528222222222222,
        "#324341": 0.20655555555555555,
        "#78564f": 0.3181555555555556,
        "#518680": 0.22246666666666667
    },
    "Canada-CADPAT": {
        "#788756": 0.21644444444444444,
        "#363b2e": 0.1461888888888889,
        "#545f3e": 0.44543333333333335,
        "#454d36": 0.19193333333333334
    },
    "China-Type-99": {
        "#4d704c": 0.17321111111111112,
        "#010101": 0.5405888888888889,
        "#b9be82": 0.1164,
        "#6f5337": 0.1698
    },
    "Chinese Tibetarn": {
        "#50392b": 0.18416666666666667,
        "#a5adaf": 0.2049111111111111,
        "#974611": 0.36516666666666664,
        "#d9e2e6": 0.24575555555555556
    },
    "Crye-Multicam": {
        "#b3a79a": 0.21504444444444445,
        "#7f7a62": 0.26486666666666664,
        "#9d9077": 0.08875555555555556,
        "#d2cac8": 0.04084444444444445,
        "#54453a": 0.3904888888888889
    },
    "Danish M01": {
        "#8d472f": 0.20708888888888888,
        "#b7ac9a": 0.5266666666666666,
        "#445b37": 0.26624444444444445
    },
    "Danish-M84camo": {
        "#98c14c": 0.17646666666666666,
        "#24201b": 0.5483333333333333,
        "#4f7420": 0.2752
    },
    "England-DPM": {
        "#5d6021": 0.10415555555555556,
        "#d4a256": 0.17496666666666666,
        "#522d1d": 0.4943111111111111,
        "#28221f": 0.22656666666666667
    },
    "England-MTP": {
        "#655240": 0.22777777777777777,
        "#d8d4b6": 0.07997777777777777,
        "#b3a681": 0.21186666666666668,
        "#8c7a5e": 0.13336666666666666,
        "#312a26": 0.3470111111111111
    },
    "Finland-M04": {
        "#2b3124": 0.4923222222222222,
        "#978b62": 0.3063888888888889,
        "#4f4125": 0.20128888888888888
    },
    "Finland-m05-snow": {
        "#f8f9e9": 0.6390444444444444,
        "#5b5e56": 0.36095555555555553
    },
    "Finland-M05": {
        "#323e12": 0.24596666666666667,
        "#283125": 0.09102222222222223,
        "#576716": 0.36922222222222223,
        "#605928": 0.2937888888888889
    },
    "France-Camouflage-Central-Europe": {
        "#292728": 0.1758222222222222,
        "#886f5b": 0.3811555555555556,
        "#56453b": 0.18796666666666667,
        "#534e3b": 0.25505555555555554
    },
    "France-Lizard": {
        "#5a3e33": 0.2200777777777778,
        "#847d4a": 0.37191111111111114,
        "#524d32": 0.20442222222222223,
        "#523730": 0.2035888888888889
    },
    "France_Tundra_Camo": {
        "#333b05": 0.1295888888888889,
        "#ddd7cc": 0.7807,
        "#b79073": 0.08971111111111112
    },
    "German Flecktarn": {
        "#676d54": 0.16973333333333335,
        "#959e82": 0.28457777777777776,
        "#ab825a": 0.147,
        "#737c7e": 0.20292222222222223,
        "#494d53": 0.19576666666666667
    },
    "German Tropentarn": {
        "#435b36": 0.27357777777777775,
        "#b7ac99": 0.5197111111111111,
        "#693c21": 0.20671111111111112
    },
    "German-Erbsenmuster": {
        "#523128": 0.21795555555555557,
        "#87563c": 0.2688888888888889,
        "#1a1514": 0.10792222222222222,
        "#5d6237": 0.40523333333333333
    },
    "German-Leibermuster": {
        "#6b6c67": 0.22616666666666665,
        "#14080c": 0.19216666666666668,
        "#8d4e45": 0.20887777777777777,
        "#cab697": 0.24322222222222223,
        "#c1a89d": 0.12956666666666666
    },
    "German-Schneetarn": {
        "#445c39": 0.18705555555555556,
        "#f9faf9": 0.5140111111111111,
        "#24201d": 0.29893333333333333
    },
    "Hungary-2015M": {
        "#877c4e": 0.018155555555555557,
        "#b0a179": 0.22277777777777777,
        "#5a3c2d": 0.30987777777777775,
        "#595f31": 0.20907777777777778,
        "#896433": 0.12207777777777777,
        "#d9cfa8": 0.04611111111111111,
        "#9d875b": 0.07192222222222222
    },
    "Italian-Telo-Mimetico": {
        "#7d5a46": 0.37666666666666665,
        "#8c886f": 0.4903888888888889,
        "#9b8348": 0.13294444444444445
    },
    "K17-(Type-17)": {
        "#946c45": 0.3049,
        "#5d964e": 0.33892222222222224,
        "#455650": 0.1446111111111111,
        "#c0dda5": 0.21156666666666665
    },
    "M98-Norway": {
        "#7c773c": 0.3519888888888889,
        "#504a2e": 0.39311111111111113,
        "#a37f53": 0.2549
    },
    "Netherlands-M19-Fractal-Pattern-Green": {
        "#0d140f": 0.14287777777777777,
        "#536046": 0.2574111111111111,
        "#252f25": 0.16546666666666668,
        "#808a55": 0.06835555555555556,
        "#8c8279": 0.09145555555555555,
        "#3b4632": 0.2744333333333333
    }
}