{
    "AOR-2": {
        "#989050": 0.4132888888888889,
        "#5d693c": 0.4017777777777778,
        "#2c231a": 0.1436,
        "#cbbb8f": 0.04133333333333333
    },
    "A-TACS": {
        "#9f916d": 0.21925555555555556,
        "#504a29": 0.35402222222222224,
        "#686735": 0.23963333333333334,
        "#81764d": 0.1870888888888889
    },
    "Afghani-HyperStealth-Spec4ce-Forest": {
        "#5e3d2a": 0.4283111111111111,
        "#adab65": 0.22486666666666666,
        "#cdbb88": 0.1373888888888889,
        "#875a38": 0.20943333333333333
    },
    "Alpenflage-TAZ-83": {
        "#d84d33": 0.18424444444444443,
        "#5b8836": 0.3051888888888889,
        "#424244": 0.28263333333333335,
        "#b59857": 0.19137777777777779,
        "#9e4831": 0.036555555555555556
    },
    "Australian Multicam": {
        "#a29e6d": 0.0011333333333333334,
        "#758035": 0.27034444444444444,
        "#252210": 0.2164888888888889,
        "#60582b": 0.1485,
        "#897229": 0.17362222222222223,
        "#3c3e24": 0.1899111111111111
    },
    "Austrian Erbsentarnmuster": {
        "#5c4e47": 0.2631888888888889,
        "#675f53": 0.23145555555555555,
        "#896e64": 0.1938,
        "#60604d": 0.18143333333333334,
        "#473f38": 0.13012222222222222
    },
    "Austrian Flecktarnmuster": {
        "#869474": 0.3167,
        "#5d5a4d": 0.24144444444444443,
        "#ebe5cc": 0.1632222222222222,
        "#d0bd85": 0.1880777777777778,
        "#8c8f92": 0.09055555555555556
    },
    "Belgian-Jigsaw": {
        "#999347": 0.2528222222222222,
        "#324341": 0.20655555555555555,
        "#78564f": 0.3181555555555556,
        "#518680": 0.22246666666666667
    },
    "Canada-CADPAT": {
        "#788756": 0.21644444444444444,
        "#363b2e": 0.1461888888888889,
        "#545f3e": 0.44543333333333335,
        "#454d36": 0.19193333333333334
    }
}