{
    "AOR-2": {
        "#5e693c": 0.42017777777777776,
        "#2e271b": 0.042888888888888886,
        "#978f51": 0.3919111111111111,
        "#c9b98c": 0.14502222222222222
    }
}